{"cameraMode":{"drawMode":0,"name":"Shaded","section":"Shading Mode"},"sceneLighting":true,"audioPlay":false,"sceneViewState":{"m_AlwaysRefresh":false,"showFog":true,"showSkybox":true,"showFlares":true,"showImageEffects":true,"showParticleSystems":true,"showVisualEffectGraphs":true,"m_FxEnabled":true},"in2DMode":false,"pivot":{"x":-1.3159451484680176,"y":-0.7121763229370117,"z":-2.1079823970794679},"rotation":{"x":0.07126480340957642,"y":-0.5402193069458008,"z":0.045957911759614947,"w":0.8372714519500732},"size":4.31373405456543,"orthographic":true}