{"cameraMode":{"drawMode":0,"name":"Shaded","section":"Shading Mode"},"sceneLighting":true,"audioPlay":false,"sceneViewState":{"m_AlwaysRefresh":false,"showFog":true,"showSkybox":true,"showFlares":true,"showImageEffects":true,"showParticleSystems":true,"showVisualEffectGraphs":true,"m_FxEnabled":true},"in2DMode":false,"pivot":{"x":0.5682765245437622,"y":1.7070610523223878,"z":2.3227596282958986},"rotation":{"x":0.0083131929859519,"y":-0.9916983842849731,"z":0.09489358961582184,"w":0.08678794652223587},"size":1.5730047225952149,"orthographic":true}