{"cameraMode":{"drawMode":0,"name":"Shaded","section":"Shading Mode"},"sceneLighting":true,"audioPlay":false,"sceneViewState":{"m_AlwaysRefresh":false,"showFog":true,"showSkybox":true,"showFlares":true,"showImageEffects":true,"showParticleSystems":true,"showVisualEffectGraphs":true,"m_FxEnabled":true},"in2DMode":false,"pivot":{"x":-0.03608083724975586,"y":2.1296608448028566,"z":2.962225914001465},"rotation":{"x":-0.00018772431940305978,"y":-0.9875174164772034,"z":0.157742440700531,"w":-0.0011929816100746394},"size":2.1233556270599367,"orthographic":true}