{"cameraMode":{"drawMode":0,"name":"Shaded","section":"Shading Mode"},"sceneLighting":true,"audioPlay":false,"sceneViewState":{"m_AlwaysRefresh":false,"showFog":true,"showSkybox":true,"showFlares":true,"showImageEffects":true,"showParticleSystems":true,"showVisualEffectGraphs":true,"m_FxEnabled":true},"in2DMode":false,"pivot":{"x":-0.00494384765625,"y":0.08091843128204346,"z":-0.267717182636261},"rotation":{"x":0.31002163887023928,"y":0.17633892595767976,"z":-0.05863654240965843,"w":0.9324009418487549},"size":4.781243801116943,"orthographic":true}